{
  "CalibratedColors": {
    "PlayerCenters": {
      "Green": {
        "H": 59.859060724999665,
        "S": 144,
        "V": 153
      },
      "Orange": {
        "H": 7.187549276117769,
        "S": 174,
        "V": 206
      },
      "Yellow": {
        "H": 28.116788882751166,
        "S": 212.5,
        "V": 195
      },
      "Blue": {
        "H": 101.41525981134163,
        "S": 120,
        "V": 179
      }
    },
    "PinCenters": {
      "Green": {
        "H": 63.21812383336729,
        "S": 96,
        "V": 87
      },
      "Orange": {
        "H": 17.865270015795446,
        "S": 116,
        "V": 147.5
      },
      "Yellow": {
        "H": 34.219319466756566,
        "S": 81,
        "V": 146
      },
      "Blue": {
        "H": 88.63721267348446,
        "S": 81,
        "V": 121
      }
    }
  },
  "dH": 7,
  "dS": 47,
  "dV": 43,
  "HueShift": {
    "Green": 0,
    "Orange": -1,
    "Yellow": -2,
    "Blue": -6
  },
  "blur": 5,
  "open": 2,
  "close": 2,
  "minCircularity": 0.7066250042834435,
  "minArea": 322.9531329325182,
  "maxArea": 745.7832001642246,
  "detectionScoreMin": 12.871975455839175,
  "useHough": true,
  "hough_dp": 1.2105207394391861,
  "hough_minDist": 22.923645738942383,
  "hough_param1": 136.92327722763795,
  "hough_param2": 17.111263126652347,
  "hough_minR_pad": -7,
  "hough_maxR_pad": 11
}